{"adam.jpg": {"intrinsics": [[2985.29, 0.0, 512.0], [0.0, 2985.29, 512.0], [0.0, 0.0, 1.0]], "pose": [[0.9984833002090454, 0.021480465307831764, 0.050692543387413025, -0.14504382014274597], [0.02589111402630806, -0.9957821369171143, -0.08802048861980438, 0.26710355281829834], [0.04858800768852234, 0.08919946849346161, -0.9948279857635498, 2.982957363128662], [0.0, 0.0, 0.0, 1.0]]}}